{"flutter":{"platforms":{"android":{"default":{"projectId":"semester-project-27644","appId":"1:61423849546:android:02ba3fd6de9a92de51d6b3","fileOutput":"android/app/google-services.json"}},"dart":{"lib/firebase_options.dart":{"projectId":"semester-project-27644","configurations":{"android":"1:61423849546:android:02ba3fd6de9a92de51d6b3","ios":"1:61423849546:ios:9202755a0a9e195651d6b3","macos":"1:61423849546:ios:9202755a0a9e195651d6b3","web":"1:61423849546:web:ea5e64a269a0ae3f51d6b3","windows":"1:61423849546:web:a190b8007f0d17b851d6b3"}}}}}}