{
  "project_info": {
    "project_number": "61423849546",
    "project_id": "semester-project-27644",
    "storage_bucket": "semester-project-27644.firebasestorage.app"
  },
  "client": [
    {
      "client_info": {
        "mobilesdk_app_id": "1:61423849546:android:229aff250f6d156751d6b3",
        "android_client_info": {
          "package_name": "com.example.flutterapp"
        }
      },
      "oauth_client": [],
      "api_key": [
        {
          "current_key": "AIzaSyBjxlglULX9-bupU_DYXmG0VlzXuMzwiN4"
        }
      ],
      "services": {
        "appinvite_service": {
          "other_platform_oauth_client": []
        }
      }
    },
    {
      "client_info": {
        "mobilesdk_app_id": "1:61423849546:android:02ba3fd6de9a92de51d6b3",
        "android_client_info": {
          "package_name": "recipie.loop.light"
        }
      },
      "oauth_client": [],
      "api_key": [
        {
          "current_key": "AIzaSyBjxlglULX9-bupU_DYXmG0VlzXuMzwiN4"
        }
      ],
      "services": {
        "appinvite_service": {
          "other_platform_oauth_client": []
        }
      }
    }
  ],
  "configuration_version": "1"
}